<code_scheme name="TechnionMatam" version="173">
  <option name="RIGHT_MARGIN" value="100" />
  <option name="SOFT_MARGINS" value="100" />
  <Objective-C-extensions>
    <rules>
      <rule entity="MACRO" visibility="ANY" specifier="ANY" prefix="" style="SCREAMING_SNAKE_CASE" suffix="" />
      <rule entity="NAMESPACE,CLASS,STRUCT,ENUM,TYPEDEF,ENUMERATOR" visibility="ANY" specifier="ANY" prefix="" style="PASCAL_CASE" suffix="" />
      <rule entity="CLASS_MEMBER_FUNCTION,STRUCT_MEMBER_FUNCTION,CLASS_MEMBER_FIELD,STRUCT_MEMBER_FIELD" visibility="ANY" specifier="ANY" prefix="" style="CAMEL_CASE" suffix="" />
      <rule entity="UNION,GLOBAL_FUNCTION" visibility="ANY" specifier="ANY" prefix="" style="CAMEL_CASE" suffix="" />
      <rule entity="GLOBAL_VARIABLE,PARAMETER,LOCAL_VARIABLE" visibility="ANY" specifier="ANY" prefix="" style="CAMEL_CASE" suffix="" />
      <rule entity="CLASS_MEMBER_FIELD,STRUCT_MEMBER_FIELD" visibility="PRIVATE" specifier="ANY" prefix="m_" style="CAMEL_CASE" suffix="" />
      <rule entity="ENUM,GLOBAL_VARIABLE,CLASS_MEMBER_FIELD,STRUCT_MEMBER_FIELD" visibility="ANY" specifier="CONST" prefix="" style="SCREAMING_SNAKE_CASE" suffix="" />
    </rules>
  </Objective-C-extensions>
  <files>
    <extensions>
      <pair source="cpp" header="h" fileNamingConvention="PASCAL_CASE" />
      <pair source="c" header="h" fileNamingConvention="NONE" />
      <pair source="cu" header="cuh" fileNamingConvention="NONE" />
      <pair source="ixx" header="" fileNamingConvention="NONE" />
      <pair source="mxx" header="" fileNamingConvention="NONE" />
      <pair source="cppm" header="" fileNamingConvention="NONE" />
      <pair source="ccm" header="" fileNamingConvention="NONE" />
      <pair source="cxxm" header="" fileNamingConvention="NONE" />
      <pair source="c++m" header="" fileNamingConvention="NONE" />
    </extensions>
  </files>
  <codeStyleSettings language="ObjectiveC">
    <option name="RIGHT_MARGIN" value="100" />
    <option name="BLANK_LINES_AROUND_METHOD_IN_INTERFACE" value="0" />
    <option name="ELSE_ON_NEW_LINE" value="true" />
    <option name="CATCH_ON_NEW_LINE" value="true" />
    <option name="SPACE_AFTER_TYPE_CAST" value="false" />
    <option name="IF_BRACE_FORCE" value="3" />
    <option name="DOWHILE_BRACE_FORCE" value="3" />
    <option name="WHILE_BRACE_FORCE" value="3" />
    <option name="FOR_BRACE_FORCE" value="3" />
    <option name="SOFT_MARGINS" value="100" />
  </codeStyleSettings>
</code_scheme>